Expert Hub Domain Code,Expert Hub Domain Arabic,FAST Sector ID,FAST Sector,FAST Department,FAST Job Family ID,FAST Job Family,Mapping Status,Structural Pre-classification,Pre-classification Reason,Business Decision
dom-001,تقنية معلومات وادارة وقيادة,,,,,,PENDING_FAST_DATA,AMBIGUOUS,spans several areas,
dom-002,خدمة العملاء والمبيعات,,,,,,PENDING_FAST_DATA,POSSIBLE_MATCH,one functional or sector area,
dom-003,التحليل المالي والتمويل,,,,,,PENDING_FAST_DATA,POSSIBLE_MATCH,one functional or sector area,
dom-004,مجالات الحوكمة والاستدامة المالية وتقديم الاستشارات.,,,,,,PENDING_FAST_DATA,AMBIGUOUS,spans several areas,
dom-005,مجالات الذكاء الاصطناعي، الأمن السيبراني، وتحليل البيانات,,,,,,PENDING_FAST_DATA,AMBIGUOUS,spans several areas,
dom-006,البنوك والتمويل,,,,,,PENDING_FAST_DATA,POSSIBLE_MATCH,one functional or sector area,
dom-007,المالية لغير الماليين,,,,,,PENDING_FAST_DATA,NO_MATCH,"audience, not a discipline",
dom-008,الموارد البشرية,,,,,,PENDING_FAST_DATA,POSSIBLE_MATCH,one functional or sector area,
dom-009,المحاسبة المالية والشراكات بين القطاعين العام والخاص (PPP),,,,,,PENDING_FAST_DATA,AMBIGUOUS,spans several areas,
dom-010,التأمين,,,,,,PENDING_FAST_DATA,POSSIBLE_MATCH,one functional or sector area,
dom-011,CME1,,,,,,PENDING_FAST_DATA,NO_MATCH,exam / certification / named programme,
dom-012,إدارة الأعمال التنفيذية والتدريب القيادي والإبداعي,,,,,,PENDING_FAST_DATA,AMBIGUOUS,spans several areas,
dom-013,البنوك,,,,,,PENDING_FAST_DATA,POSSIBLE_MATCH,one functional or sector area,
dom-014,إدارة تقنية المعلومات وحوكمة نظم المعلومات,,,,,,PENDING_FAST_DATA,POSSIBLE_MATCH,one functional or sector area,
dom-015,القانون,,,,,,PENDING_FAST_DATA,POSSIBLE_MATCH,one functional or sector area,
dom-016,تقديم خدمات خبير,,,,,,PENDING_FAST_DATA,NO_MATCH,"service type, not a discipline",
dom-017,المحاسبة والضرائب,,,,,,PENDING_FAST_DATA,POSSIBLE_MATCH,one functional or sector area,
dom-018,المالية والمالية الإسلامية,,,,,,PENDING_FAST_DATA,POSSIBLE_MATCH,one functional or sector area,
dom-019,الترجمة وإدارة المشاريع والتطوير الشخصي,,,,,,PENDING_FAST_DATA,AMBIGUOUS,spans several areas,
dom-020,الاقتصاد وإدارة المخاطر المصرفية,,,,,,PENDING_FAST_DATA,AMBIGUOUS,spans several areas,
dom-021,التحقيق القانوني والتقاضي,,,,,,PENDING_FAST_DATA,POSSIBLE_MATCH,one functional or sector area,
dom-022,القيادة وإدارة الأعمال العالمية,,,,,,PENDING_FAST_DATA,AMBIGUOUS,spans several areas,
dom-023,الأوراق المالية,,,,,,PENDING_FAST_DATA,POSSIBLE_MATCH,one functional or sector area,
dom-024,الاقتصاد وإدارة الأعمال المصرفية,,,,,,PENDING_FAST_DATA,AMBIGUOUS,spans several areas,
dom-025,القطاع المالي والاستثماري والحوكمة المؤسسية,,,,,,PENDING_FAST_DATA,AMBIGUOUS,spans several areas,
dom-026,إدارة الأعمال وتطوير الأعمال وإدارة المشاريع,,,,,,PENDING_FAST_DATA,AMBIGUOUS,spans several areas,
dom-027,التأمين وإدارة الأعمال والقيادة,,,,,,PENDING_FAST_DATA,AMBIGUOUS,spans several areas,
dom-028,التدريب والتطوير المهني,,,,,,PENDING_FAST_DATA,POSSIBLE_MATCH,one functional or sector area,
dom-029,اجادة - لمدراء العمليات,,,,,,PENDING_FAST_DATA,NO_MATCH,exam / certification / named programme,
dom-030,أمن المعلومات وتقنية المعلومات,,,,,,PENDING_FAST_DATA,POSSIBLE_MATCH,one functional or sector area,
dom-031,القطاع المالي والإداري.,,,,,,PENDING_FAST_DATA,AMBIGUOUS,spans several areas,
dom-032,اكسل,,,,,,PENDING_FAST_DATA,NO_MATCH,tool,
dom-033,القطاع المالي والإداري – تخصص في الأعمال الإلكترونية، المحاسبة، والحوكمة المؤسسية.,,,,,,PENDING_FAST_DATA,AMBIGUOUS,spans several areas,
dom-034,أمن المعلومات وشبكات الحاسب,,,,,,PENDING_FAST_DATA,POSSIBLE_MATCH,one functional or sector area,
dom-035,البرامج القيادية,,,,,,PENDING_FAST_DATA,NO_MATCH,programme grouping,
dom-036,خدمة العملاء,,,,,,PENDING_FAST_DATA,POSSIBLE_MATCH,one functional or sector area,
dom-037,طرق كشف تزوير المستندات والتواقيع,,,,,,PENDING_FAST_DATA,NO_MATCH,narrow technique topic,
dom-038,الذكاء الاصطناعي,,,,,,PENDING_FAST_DATA,POSSIBLE_MATCH,one functional or sector area,
dom-039,مسؤول الالتزام المعتمد,,,,,,PENDING_FAST_DATA,NO_MATCH,exam / certification / named programme,
dom-040,التنمية البشرية والتطوير القيادي وجودة الحياة.,,,,,,PENDING_FAST_DATA,NO_MATCH,soft / personal skills,
dom-041,التحكيم التجاري وإدارة النزاعات.,,,,,,PENDING_FAST_DATA,POSSIBLE_MATCH,one functional or sector area,
dom-042,البرامج الخاصة,,,,,,PENDING_FAST_DATA,NO_MATCH,programme grouping,
dom-043,المحاسبة الحكومية,,,,,,PENDING_FAST_DATA,POSSIBLE_MATCH,one functional or sector area,
dom-044,القطاع المالي والأكاديمي.,,,,,,PENDING_FAST_DATA,AMBIGUOUS,spans several areas,
dom-045,القانون والقضاء والتحكيم.,,,,,,PENDING_FAST_DATA,POSSIBLE_MATCH,one functional or sector area,
dom-046,تحليل القوائم المالية و المالية لغير الماليين,,,,,,PENDING_FAST_DATA,AMBIGUOUS,spans several areas,
dom-047,المالية والمصرفية وإدارة المخاطر والامتثال,,,,,,PENDING_FAST_DATA,AMBIGUOUS,spans several areas,
dom-048,إدارة الموارد البشرية والتطوير القيادي,,,,,,PENDING_FAST_DATA,AMBIGUOUS,spans several areas,
dom-049,المدفوعات الرقمية والمحافظ الإلكترونية,,,,,,PENDING_FAST_DATA,POSSIBLE_MATCH,one functional or sector area,
dom-050,المحاسبة والتدقيق الاستراتيجي والتدريب المهني,,,,,,PENDING_FAST_DATA,AMBIGUOUS,spans several areas,
dom-051,الاستثمار المالي,,,,,,PENDING_FAST_DATA,POSSIBLE_MATCH,one functional or sector area,
dom-052,المهارات الشخصية والابتكار,,,,,,PENDING_FAST_DATA,NO_MATCH,soft / personal skills,
dom-053,الاقتصاد والتمويل الإسلامي,,,,,,PENDING_FAST_DATA,AMBIGUOUS,spans several areas,
dom-054,الاستثمار,,,,,,PENDING_FAST_DATA,POSSIBLE_MATCH,one functional or sector area,
dom-055,إدارة المحافظ,,,,,,PENDING_FAST_DATA,POSSIBLE_MATCH,one functional or sector area,
dom-056,الاحتيال والأمن السيبراني,,,,,,PENDING_FAST_DATA,AMBIGUOUS,spans several areas,
dom-057,المالية الشخصية والتخطيط المالي.,,,,,,PENDING_FAST_DATA,AMBIGUOUS,spans several areas,
dom-058,حوكمة الشركات,,,,,,PENDING_FAST_DATA,POSSIBLE_MATCH,one functional or sector area,
dom-059,الإدارة والتطوير الشخصي والمهني.,,,,,,PENDING_FAST_DATA,NO_MATCH,soft / personal skills,
dom-060,الطرح العام للمهنيين,,,,,,PENDING_FAST_DATA,NO_MATCH,exam / certification / named programme,
dom-061,المالية والإدارة والمراجعة الداخلية.,,,,,,PENDING_FAST_DATA,AMBIGUOUS,spans several areas,
dom-062,المحاسبة والتمويل / التقييم المالي والمحاسبي,,,,,,PENDING_FAST_DATA,AMBIGUOUS,spans several areas,
dom-063,التأمين وإدارة المخاطر والتدريب المهني,,,,,,PENDING_FAST_DATA,AMBIGUOUS,spans several areas,
dom-064,مشتريات الحكومية,,,,,,PENDING_FAST_DATA,POSSIBLE_MATCH,one functional or sector area,
dom-065,الإدارة الاستراتيجية وتطوير الأداء والتدريب القيادي,,,,,,PENDING_FAST_DATA,AMBIGUOUS,spans several areas,
dom-066,الإدارة وإدارة الأعمال.,,,,,,PENDING_FAST_DATA,POSSIBLE_MATCH,one functional or sector area,
dom-067,الإدارة المالية,,,,,,PENDING_FAST_DATA,POSSIBLE_MATCH,one functional or sector area,
dom-068,غسل الأموال وتمويل الإرهاب,,,,,,PENDING_FAST_DATA,POSSIBLE_MATCH,one functional or sector area,
dom-069,نظم الإدارة والجودة,,,,,,PENDING_FAST_DATA,POSSIBLE_MATCH,one functional or sector area,
dom-070,الاستثمار وإدارة الأصول.,,,,,,PENDING_FAST_DATA,POSSIBLE_MATCH,one functional or sector area,
dom-071,المالية والمراجعة الداخلية والمحاسبة الاحترافية.,,,,,,PENDING_FAST_DATA,AMBIGUOUS,spans several areas,
dom-072,إدارة المحافظ العقارية,,,,,,PENDING_FAST_DATA,POSSIBLE_MATCH,one functional or sector area,
dom-073,المحاسبة والإدارة المالية.,,,,,,PENDING_FAST_DATA,AMBIGUOUS,spans several areas,
dom-074,المبيعات والتسويق وتطوير الأعمال,,,,,,PENDING_FAST_DATA,AMBIGUOUS,spans several areas,
dom-075,تدريب المدربين(TOT),,,,,,PENDING_FAST_DATA,NO_MATCH,exam / certification / named programme,
dom-076,مايكروسوفت Power BI,,,,,,PENDING_FAST_DATA,NO_MATCH,tool,
dom-077,المصرفية الإسلامية,,,,,,PENDING_FAST_DATA,POSSIBLE_MATCH,one functional or sector area,
dom-078,المحاسبة والتحليل المالي,,,,,,PENDING_FAST_DATA,AMBIGUOUS,spans several areas,
dom-079,الإدارة المالية والاقتصاد,,,,,,PENDING_FAST_DATA,AMBIGUOUS,spans several areas,
dom-080,الاستثمار والأسواق المالية,,,,,,PENDING_FAST_DATA,POSSIBLE_MATCH,one functional or sector area,
dom-081,المخاطر التشغيلية,,,,,,PENDING_FAST_DATA,POSSIBLE_MATCH,one functional or sector area,
dom-082,المهارات الإدارية والسلوكية,,,,,,PENDING_FAST_DATA,NO_MATCH,soft / personal skills,
dom-083,الإدارة المالية والبنوك والتدريب,,,,,,PENDING_FAST_DATA,AMBIGUOUS,spans several areas,
dom-084,الامتثال ومكافحة الجرائم المالية,,,,,,PENDING_FAST_DATA,POSSIBLE_MATCH,one functional or sector area,
dom-085,أمن المعلومات وحوكمة تقنية المعلومات,,,,,,PENDING_FAST_DATA,POSSIBLE_MATCH,one functional or sector area,
dom-086,تقنية المعلومات والأمن السيبراني.,,,,,,PENDING_FAST_DATA,POSSIBLE_MATCH,one functional or sector area,
dom-087,الحوكمة,,,,,,PENDING_FAST_DATA,POSSIBLE_MATCH,one functional or sector area,
dom-088,العلاقات العامة والإدارة المالية والاستثمار.,,,,,,PENDING_FAST_DATA,AMBIGUOUS,spans several areas,
dom-089,الإدارة، القيادة، وتطوير الكفاءات البشرية.,,,,,,PENDING_FAST_DATA,AMBIGUOUS,spans several areas,
dom-090,الاستثمار وإدارة الأصول والإدارة الحكومية.,,,,,,PENDING_FAST_DATA,AMBIGUOUS,spans several areas,
dom-091,سلاسل الإمداد وإدارة العمليات,,,,,,PENDING_FAST_DATA,POSSIBLE_MATCH,one functional or sector area,
dom-092,إدارة المخاطر,,,,,,PENDING_FAST_DATA,POSSIBLE_MATCH,one functional or sector area,
dom-093,المالية الإسلامية، القضاء الشرعي، والتدريب الأكاديمي.,,,,,,PENDING_FAST_DATA,AMBIGUOUS,spans several areas,
dom-094,المالية، إدارة الأعمال، والتأمين.,,,,,,PENDING_FAST_DATA,AMBIGUOUS,spans several areas,
dom-095,التنمية البشرية والتطوير المؤسسي.,,,,,,PENDING_FAST_DATA,AMBIGUOUS,spans several areas,
dom-096,تقديم خدمات استشارية,,,,,,PENDING_FAST_DATA,NO_MATCH,"service type, not a discipline",
dom-097,التمويل والمحاسبة والتحليل المالي,,,,,,PENDING_FAST_DATA,AMBIGUOUS,spans several areas,
dom-098,تقنية المعلومات والتدريب.,,,,,,PENDING_FAST_DATA,AMBIGUOUS,spans several areas,
dom-099,القانون، الاستشارات المهنية، والتطوير القيادي.,,,,,,PENDING_FAST_DATA,AMBIGUOUS,spans several areas,
dom-100,المالية,,,,,,PENDING_FAST_DATA,POSSIBLE_MATCH,one functional or sector area,
dom-101,الذكاء الاصطناعي وعلوم البيانات,,,,,,PENDING_FAST_DATA,POSSIBLE_MATCH,one functional or sector area,
dom-102,الموارد البشرية وإدارة المشاريع.,,,,,,PENDING_FAST_DATA,AMBIGUOUS,spans several areas,
dom-103,إدارة الأعمال والحوكمة المالية.,,,,,,PENDING_FAST_DATA,AMBIGUOUS,spans several areas,
dom-104,المشتقات المالية,,,,,,PENDING_FAST_DATA,POSSIBLE_MATCH,one functional or sector area,
dom-105,التمويل والمصارف والأسواق المالية,,,,,,PENDING_FAST_DATA,AMBIGUOUS,spans several areas,
dom-106,إدارة الأعمال والحوكمة وإدارة المشاريع,,,,,,PENDING_FAST_DATA,AMBIGUOUS,spans several areas,
dom-107,القيادة للقطاع المالي والمشرعين,,,,,,PENDING_FAST_DATA,NO_MATCH,"audience, not a discipline",
dom-108,التأمين وإدارة المخاطر والخدمات التأمينية,,,,,,PENDING_FAST_DATA,POSSIBLE_MATCH,one functional or sector area,
dom-109,إدارة الأعمال والموارد البشرية.,,,,,,PENDING_FAST_DATA,AMBIGUOUS,spans several areas,
dom-110,المهارات الشخصية والقيادة,,,,,,PENDING_FAST_DATA,NO_MATCH,soft / personal skills,
dom-111,التقنية المالية,,,,,,PENDING_FAST_DATA,POSSIBLE_MATCH,one functional or sector area,
dom-112,التحقيقات المالية ومكافحة غسل الأموال وتمويل الإرهاب (AML/CFT),,,,,,PENDING_FAST_DATA,POSSIBLE_MATCH,one functional or sector area,
dom-113,الحوكمة والاستدامة,,,,,,PENDING_FAST_DATA,POSSIBLE_MATCH,one functional or sector area,
dom-114,المهارات الاحترافية وخدمة العملاء في قطاع التأمين,,,,,,PENDING_FAST_DATA,AMBIGUOUS,spans several areas,
dom-115,التحليل المالي وإدارة الاستثمارات,,,,,,PENDING_FAST_DATA,POSSIBLE_MATCH,one functional or sector area,
dom-116,التمويل والمصارف والخدمات الائتمانية,,,,,,PENDING_FAST_DATA,POSSIBLE_MATCH,one functional or sector area,
dom-117,إدارة الجودة والتطوير المؤسسي.,,,,,,PENDING_FAST_DATA,POSSIBLE_MATCH,one functional or sector area,
dom-118,المصرفية,,,,,,PENDING_FAST_DATA,POSSIBLE_MATCH,one functional or sector area,
dom-119,الإدارة، الجودة، التخطيط الاستراتيجي، وتطوير المهارات القيادية والمهنية,,,,,,PENDING_FAST_DATA,AMBIGUOUS,spans several areas,
dom-120,إدارة الأعمال وسلسلة الإمداد والتمويل.,,,,,,PENDING_FAST_DATA,AMBIGUOUS,spans several areas,
dom-121,التمويل التجاري,,,,,,PENDING_FAST_DATA,POSSIBLE_MATCH,one functional or sector area,
dom-122,الجميع,,,,,,PENDING_FAST_DATA,NO_MATCH,"audience, not a discipline",
dom-123,المهارات القيادية والاحترافية والتواصل,,,,,,PENDING_FAST_DATA,NO_MATCH,soft / personal skills,
dom-124,ضريبة القيمة المضافة,,,,,,PENDING_FAST_DATA,POSSIBLE_MATCH,one functional or sector area,
dom-125,الوعي المالي,,,,,,PENDING_FAST_DATA,NO_MATCH,"audience, not a discipline",
dom-126,إدارة الاعمال,,,,,,PENDING_FAST_DATA,POSSIBLE_MATCH,one functional or sector area,
dom-127,تطوير الذات والإدارة الشخصية,,,,,,PENDING_FAST_DATA,NO_MATCH,soft / personal skills,
dom-128,السلوك المهني,,,,,,PENDING_FAST_DATA,NO_MATCH,soft / personal skills,
dom-129,الحوكمة وإدارة المخاطر ومكافحة الجرائم المالية,,,,,,PENDING_FAST_DATA,AMBIGUOUS,spans several areas,
dom-130,القانون المالي والجنائي للشركات,,,,,,PENDING_FAST_DATA,POSSIBLE_MATCH,one functional or sector area,
dom-131,المحاسبة والمالية الاحترافية.,,,,,,PENDING_FAST_DATA,AMBIGUOUS,spans several areas,
dom-132,المهارات المهنية,,,,,,PENDING_FAST_DATA,NO_MATCH,soft / personal skills,
dom-133,القانون وأنظمة التشريع.,,,,,,PENDING_FAST_DATA,POSSIBLE_MATCH,one functional or sector area,
dom-134,مكافحة غسل الأموال وتمويل الارهاب,,,,,,PENDING_FAST_DATA,POSSIBLE_MATCH,one functional or sector area,
dom-135,القوائم المالية,,,,,,PENDING_FAST_DATA,POSSIBLE_MATCH,one functional or sector area,
dom-136,محاسبة,,,,,,PENDING_FAST_DATA,POSSIBLE_MATCH,one functional or sector area,
dom-137,المهارات الاحترافية والتواصل والمبيعات,,,,,,PENDING_FAST_DATA,AMBIGUOUS,spans several areas,
dom-138,المالية وإدارة المخاطر.,,,,,,PENDING_FAST_DATA,AMBIGUOUS,spans several areas,
dom-139,إدارة مشاريع (PMP),,,,,,PENDING_FAST_DATA,NO_MATCH,exam / certification / named programme,
dom-140,استمرارية العمل,,,,,,PENDING_FAST_DATA,POSSIBLE_MATCH,one functional or sector area,
dom-141,وعي مالي,,,,,,PENDING_FAST_DATA,NO_MATCH,"audience, not a discipline",
dom-142,التدريب وعلوم البيانات,,,,,,PENDING_FAST_DATA,AMBIGUOUS,spans several areas,
dom-143,إدارة الأعمال والتدريب الاحترافي.,,,,,,PENDING_FAST_DATA,AMBIGUOUS,spans several areas,
dom-144,الفنتك,,,,,,PENDING_FAST_DATA,POSSIBLE_MATCH,one functional or sector area,
dom-145,إدارة المشاريع,,,,,,PENDING_FAST_DATA,POSSIBLE_MATCH,one functional or sector area,
dom-146,التأمين، الامتثال، ومكافحة الجرائم المالية في قطاع التأمين,,,,,,PENDING_FAST_DATA,AMBIGUOUS,spans several areas,
dom-147,إدارة الأعمال والتأمين الدولي.,,,,,,PENDING_FAST_DATA,AMBIGUOUS,spans several areas,
